[
  {
    "id": "yara-lizeth-perez",
    "name": "Licda. Yara Lizeth Pérez A.",
    "title_label": "Licda.",
    "header_label": "Licenciada",
    "profession": "Fonoaudióloga",
    "registry": "Registro 180.",
    "credential_file": "data/attachments/idoneidad/idoneidad_yara.pdf",
    "technical_details": [
      "Fonoaudióloga,",
      "Registro 180."
    ],
    "applicable_reports": [
      "audiometria"
    ],
    "priority": 1
  },
  {
    "id": "stephanie-maria-thorne",
    "name": "Licda. Stephanie María Thorne.",
    "title_label": "Licda.",
    "header_label": "Licenciada",
    "profession": "Terapeuta Respiratoria",
    "registry": "Registro 124.",
    "credential_file": "data/attachments/idoneidad/idoneidad_stephanie.pdf",
    "technical_details": [
      "Terapeuta Respiratoria,",
      "Registro 124."
    ],
    "applicable_reports": [
      "espirometria"
    ],
    "priority": 1
  }
]
